-- phpMyAdmin SQL Dump
-- version 4.7.4
-- https://www.phpmyadmin.net/
--
-- Host: 127.0.0.1:3306
-- Creato il: Mag 15, 2020 alle 09:54
-- Versione del server: 5.7.19
-- Versione PHP: 5.6.31

SET SQL_MODE = "NO_AUTO_VALUE_ON_ZERO";
SET AUTOCOMMIT = 0;
START TRANSACTION;
SET time_zone = "+00:00";


/*!40101 SET @OLD_CHARACTER_SET_CLIENT=@@CHARACTER_SET_CLIENT */;
/*!40101 SET @OLD_CHARACTER_SET_RESULTS=@@CHARACTER_SET_RESULTS */;
/*!40101 SET @OLD_COLLATION_CONNECTION=@@COLLATION_CONNECTION */;
/*!40101 SET NAMES utf8mb4 */;

--
-- Database: `tesi_db`
--

-- --------------------------------------------------------

--
-- Struttura della tabella `rating`
--

DROP TABLE IF EXISTS `rating`;
CREATE TABLE IF NOT EXISTS `rating` (
  `id_utente` int(11) DEFAULT NULL,
  `id_servizio` int(11) DEFAULT NULL,
  `rating` int(11) DEFAULT NULL
) ENGINE=MyISAM DEFAULT CHARSET=utf8;

--
-- Dump dei dati per la tabella `rating`
--

INSERT INTO `rating` (`id_utente`, `id_servizio`, `rating`) VALUES
(7, 20, 3),
(13, 4, 4),
(4, 31, 4),
(1, 13, 3),
(12, 24, 1),
(14, 22, 3),
(11, 19, 1),
(8, 17, 2),
(7, 37, 5),
(1, 32, 5),
(13, 35, 3),
(5, 4, 1),
(8, 11, 1),
(12, 16, 2),
(2, 12, 5),
(14, 37, 1),
(4, 20, 2),
(3, 30, 1),
(12, 37, 2),
(11, 6, 2),
(3, 22, 5),
(5, 13, 2),
(7, 19, 4),
(8, 31, 1),
(4, 21, 4),
(3, 39, 4),
(10, 1, 3),
(6, 11, 1),
(7, 7, 4),
(4, 40, 3),
(12, 13, 3),
(12, 4, 3),
(1, 30, 5),
(3, 13, 2),
(3, 18, 5),
(7, 6, 4),
(8, 23, 3),
(2, 34, 3),
(12, 26, 2),
(12, 40, 5),
(8, 29, 3),
(7, 10, 5),
(3, 5, 4),
(9, 6, 3),
(4, 18, 1),
(6, 35, 1),
(6, 1, 4),
(4, 3, 4),
(2, 19, 4),
(12, 34, 4),
(12, 6, 5),
(4, 12, 2),
(9, 3, 5),
(12, 31, 1),
(2, 34, 4),
(11, 22, 4),
(12, 30, 2),
(4, 35, 4),
(15, 10, 5),
(4, 7, 4),
(5, 31, 3),
(14, 34, 3),
(2, 31, 4),
(6, 4, 5),
(1, 5, 1),
(3, 25, 5),
(13, 24, 4),
(2, 26, 4),
(5, 30, 2),
(12, 23, 1),
(5, 2, 4),
(4, 11, 3),
(3, 30, 3),
(1, 19, 1),
(5, 11, 2),
(13, 6, 5),
(7, 27, 1),
(6, 35, 4),
(11, 30, 1),
(11, 30, 2),
(6, 8, 5),
(4, 1, 3),
(2, 5, 4),
(12, 4, 1),
(13, 36, 4),
(10, 32, 5),
(5, 27, 5),
(15, 33, 5),
(1, 22, 5),
(6, 16, 3),
(11, 40, 3),
(9, 13, 4),
(14, 10, 2),
(13, 29, 3),
(11, 22, 1),
(10, 35, 3),
(12, 26, 3),
(6, 30, 5),
(6, 31, 4),
(10, 32, 5),
(1, 1, 2),
(2, 1, 4);

-- --------------------------------------------------------

--
-- Struttura della tabella `rating1000`
--

DROP TABLE IF EXISTS `rating1000`;
CREATE TABLE IF NOT EXISTS `rating1000` (
  `id_utente` int(11) DEFAULT NULL,
  `id_servizio` int(11) DEFAULT NULL,
  `rating` int(11) DEFAULT NULL
) ENGINE=MyISAM DEFAULT CHARSET=utf8;

--
-- Dump dei dati per la tabella `rating1000`
--

INSERT INTO `rating1000` (`id_utente`, `id_servizio`, `rating`) VALUES
(4, 23, 2),
(6, 23, 5),
(9, 1, 1),
(11, 32, 3),
(14, 37, 3),
(10, 37, 3),
(8, 3, 4),
(3, 37, 2),
(4, 23, 5),
(3, 40, 4),
(11, 19, 4),
(11, 33, 2),
(15, 22, 3),
(13, 39, 5),
(3, 27, 2),
(12, 10, 1),
(2, 39, 1),
(13, 4, 2),
(12, 15, 2),
(5, 25, 2),
(12, 26, 4),
(3, 1, 4),
(3, 12, 4),
(13, 18, 3),
(11, 2, 3),
(2, 17, 2),
(5, 30, 5),
(7, 37, 2),
(8, 18, 4),
(7, 1, 4),
(13, 23, 3),
(8, 28, 2),
(5, 38, 5),
(4, 22, 4),
(15, 30, 3),
(15, 37, 4),
(10, 37, 2),
(5, 23, 3),
(2, 22, 1),
(8, 28, 1),
(14, 16, 2),
(11, 21, 4),
(2, 15, 1),
(2, 13, 1),
(7, 35, 5),
(5, 15, 4),
(11, 38, 4),
(15, 27, 1),
(7, 38, 5),
(14, 35, 4),
(12, 18, 3),
(15, 1, 1),
(4, 11, 2),
(2, 19, 5),
(7, 35, 3),
(7, 11, 2),
(4, 33, 4),
(14, 34, 2),
(2, 34, 5),
(11, 38, 5),
(6, 33, 1),
(8, 16, 1),
(9, 18, 1),
(1, 19, 2),
(12, 5, 1),
(1, 28, 2),
(9, 3, 1),
(2, 5, 1),
(9, 4, 5),
(12, 20, 1),
(14, 2, 3),
(3, 15, 3),
(7, 36, 1),
(6, 12, 3),
(1, 29, 2),
(11, 37, 4),
(4, 10, 4),
(2, 33, 2),
(6, 16, 2),
(15, 12, 3),
(13, 24, 3),
(10, 9, 2),
(4, 7, 3),
(12, 7, 5),
(1, 33, 5),
(10, 1, 3),
(14, 37, 2),
(2, 12, 1),
(9, 30, 4),
(12, 11, 4),
(13, 30, 4),
(10, 9, 4),
(3, 11, 4),
(8, 13, 4),
(2, 32, 2),
(9, 25, 5),
(2, 31, 5),
(14, 21, 3),
(14, 34, 4),
(10, 34, 4),
(8, 11, 2),
(8, 10, 1),
(5, 21, 4),
(15, 34, 4),
(9, 33, 1),
(15, 2, 3),
(10, 16, 3),
(2, 28, 2),
(4, 5, 2),
(12, 40, 2),
(9, 3, 2),
(1, 24, 1),
(2, 31, 2),
(1, 19, 2),
(4, 9, 2),
(2, 2, 3),
(2, 37, 4),
(2, 35, 5),
(7, 19, 4),
(3, 27, 2),
(2, 27, 5),
(3, 39, 2),
(3, 31, 1),
(6, 32, 2),
(8, 4, 3),
(6, 30, 4),
(1, 32, 4),
(11, 36, 4),
(4, 31, 1),
(12, 2, 4),
(4, 27, 4),
(4, 18, 2),
(4, 16, 3),
(15, 13, 2),
(15, 23, 4),
(5, 35, 2),
(9, 32, 2),
(9, 25, 5),
(15, 34, 1),
(8, 4, 1),
(7, 40, 1),
(3, 28, 2),
(10, 5, 4),
(4, 4, 4),
(12, 34, 4),
(6, 14, 2),
(12, 18, 3),
(7, 35, 2),
(8, 40, 2),
(4, 10, 5),
(2, 3, 1),
(15, 10, 1),
(5, 23, 2),
(7, 39, 5),
(3, 26, 1),
(4, 36, 3),
(4, 30, 2),
(10, 24, 5),
(9, 33, 5),
(5, 8, 3),
(13, 39, 4),
(2, 22, 5),
(14, 2, 1),
(15, 3, 1),
(4, 23, 2),
(13, 22, 2),
(11, 34, 2),
(8, 17, 3),
(9, 22, 4),
(1, 20, 1),
(4, 33, 2),
(11, 6, 3),
(4, 3, 3),
(4, 23, 4),
(14, 37, 1),
(12, 25, 4),
(14, 20, 4),
(5, 34, 5),
(4, 30, 1),
(10, 19, 5),
(12, 20, 2),
(15, 25, 2),
(5, 24, 5),
(15, 28, 2),
(12, 20, 3),
(2, 5, 2),
(8, 10, 2),
(10, 12, 1),
(13, 35, 4),
(1, 9, 3),
(11, 8, 1),
(1, 10, 3),
(6, 22, 5),
(13, 35, 3),
(7, 5, 5),
(9, 35, 5),
(7, 6, 2),
(11, 21, 3),
(14, 39, 2),
(2, 26, 2),
(2, 13, 4),
(5, 22, 5),
(13, 13, 2),
(1, 38, 3),
(2, 16, 2),
(14, 1, 2),
(4, 29, 3),
(4, 26, 5),
(10, 10, 1),
(7, 10, 3),
(9, 16, 5),
(10, 37, 5),
(13, 28, 1),
(14, 36, 5),
(14, 9, 4),
(11, 1, 4),
(4, 22, 4),
(6, 39, 2),
(10, 3, 2),
(12, 19, 2),
(12, 29, 2),
(11, 6, 3),
(6, 20, 1),
(11, 32, 1),
(4, 36, 5),
(13, 38, 1),
(14, 29, 2),
(10, 11, 4),
(13, 13, 1),
(11, 10, 3),
(2, 34, 5),
(12, 23, 2),
(1, 26, 3),
(1, 23, 1),
(11, 29, 4),
(4, 25, 2),
(14, 23, 3),
(1, 30, 5),
(11, 6, 3),
(15, 20, 1),
(2, 21, 3),
(8, 11, 4),
(7, 22, 3),
(15, 3, 1),
(4, 9, 4),
(12, 33, 4),
(8, 37, 3),
(8, 39, 1),
(12, 30, 4),
(10, 19, 1),
(2, 25, 3),
(10, 29, 1),
(1, 9, 3),
(5, 34, 2),
(4, 27, 1),
(8, 27, 4),
(5, 28, 1),
(5, 3, 4),
(10, 30, 5),
(9, 26, 5),
(11, 30, 5),
(11, 4, 3),
(14, 13, 3),
(10, 30, 3),
(2, 20, 5),
(6, 27, 2),
(14, 31, 1),
(14, 34, 2),
(15, 25, 3),
(5, 37, 3),
(14, 4, 3),
(11, 23, 4),
(5, 24, 5),
(12, 8, 4),
(3, 4, 2),
(4, 17, 2),
(13, 36, 3),
(5, 40, 4),
(14, 40, 4),
(6, 29, 4),
(1, 4, 1),
(3, 22, 5),
(3, 8, 5),
(13, 16, 2),
(4, 22, 4),
(15, 28, 4),
(10, 12, 4),
(4, 23, 3),
(6, 3, 2),
(1, 23, 2),
(9, 2, 2),
(3, 39, 2),
(15, 13, 3),
(9, 33, 5),
(2, 9, 1),
(6, 29, 3),
(15, 16, 3),
(2, 24, 3),
(2, 30, 3),
(5, 17, 4),
(7, 12, 1),
(9, 39, 2),
(14, 23, 2),
(12, 23, 3),
(5, 17, 3),
(7, 34, 1),
(10, 24, 4),
(1, 1, 3),
(12, 16, 2),
(13, 9, 2),
(10, 1, 4),
(6, 3, 2),
(15, 32, 3),
(12, 18, 3),
(5, 2, 4),
(15, 31, 3),
(5, 13, 1),
(5, 19, 3),
(12, 26, 1),
(9, 16, 2),
(7, 32, 3),
(12, 4, 3),
(14, 28, 4),
(11, 18, 4),
(10, 26, 2),
(8, 7, 2),
(14, 4, 5),
(9, 12, 1),
(11, 7, 1),
(15, 29, 3),
(1, 33, 3),
(11, 25, 5),
(12, 25, 5),
(3, 30, 4),
(4, 35, 3),
(13, 16, 1),
(11, 37, 2),
(14, 17, 5),
(6, 8, 3),
(15, 36, 3),
(4, 8, 3),
(3, 18, 5),
(13, 25, 1),
(2, 26, 2),
(5, 18, 3),
(10, 26, 1),
(15, 26, 1),
(8, 5, 3),
(14, 13, 4),
(6, 17, 1),
(11, 24, 4),
(10, 12, 2),
(14, 12, 3),
(6, 22, 5),
(3, 8, 5),
(11, 40, 1),
(4, 16, 2),
(9, 2, 3),
(4, 27, 4),
(8, 20, 4),
(7, 4, 3),
(7, 27, 3),
(3, 9, 3),
(1, 27, 1),
(6, 16, 1),
(2, 15, 4),
(8, 3, 5),
(13, 20, 1),
(2, 37, 5),
(1, 9, 3),
(1, 14, 2),
(7, 20, 4),
(4, 18, 1),
(2, 37, 5),
(7, 17, 3),
(11, 4, 2),
(14, 26, 3),
(11, 27, 4),
(2, 24, 5),
(7, 28, 4),
(8, 12, 4),
(4, 15, 3),
(7, 10, 5),
(6, 17, 3),
(13, 6, 2),
(5, 24, 1),
(12, 7, 3),
(12, 4, 5),
(7, 26, 4),
(4, 33, 5),
(1, 25, 4),
(7, 10, 5),
(11, 15, 3),
(5, 30, 3),
(6, 13, 4),
(2, 5, 5),
(11, 18, 3),
(15, 37, 1),
(10, 11, 2),
(7, 7, 3),
(3, 39, 2),
(5, 15, 1),
(1, 17, 2),
(5, 37, 3),
(3, 28, 3),
(14, 32, 4),
(14, 16, 3),
(3, 24, 3),
(9, 29, 2),
(14, 34, 1),
(4, 38, 3),
(15, 17, 4),
(4, 4, 4),
(12, 36, 5),
(6, 10, 1),
(10, 6, 1),
(6, 22, 1),
(6, 30, 4),
(2, 1, 5),
(5, 2, 5),
(13, 10, 4),
(5, 3, 3),
(10, 9, 3),
(5, 39, 3),
(5, 35, 3),
(15, 36, 1),
(4, 14, 4),
(6, 3, 2),
(6, 14, 5),
(14, 27, 5),
(14, 29, 3),
(9, 5, 5),
(9, 34, 2),
(11, 15, 3),
(4, 10, 5),
(15, 15, 1),
(6, 15, 3),
(8, 13, 4),
(13, 37, 5),
(1, 3, 5),
(11, 18, 1),
(5, 32, 1),
(12, 27, 5),
(1, 11, 4),
(5, 34, 3),
(11, 17, 1),
(6, 19, 3),
(5, 2, 3),
(14, 15, 3),
(5, 11, 4),
(7, 26, 4),
(5, 4, 2),
(9, 40, 2),
(1, 25, 5),
(14, 26, 2),
(5, 8, 2),
(11, 21, 3),
(10, 26, 1),
(10, 15, 4),
(7, 5, 2),
(10, 4, 3),
(11, 24, 3),
(7, 5, 1),
(5, 23, 4),
(1, 16, 2),
(2, 20, 1),
(4, 5, 3),
(15, 15, 5),
(9, 10, 4),
(2, 16, 3),
(7, 31, 1),
(1, 36, 2),
(7, 11, 5),
(12, 20, 3),
(8, 17, 4),
(13, 38, 4),
(10, 10, 1),
(11, 24, 5),
(10, 6, 2),
(12, 12, 3),
(8, 5, 1),
(6, 32, 2),
(11, 4, 2),
(12, 31, 5),
(4, 6, 2),
(3, 16, 1),
(9, 35, 5),
(12, 32, 3),
(12, 6, 5),
(1, 37, 5),
(14, 29, 5),
(7, 22, 2),
(10, 34, 3),
(3, 14, 2),
(4, 27, 5),
(12, 24, 2),
(7, 31, 3),
(12, 18, 5),
(12, 13, 1),
(5, 16, 1),
(15, 38, 2),
(10, 14, 5),
(1, 8, 3),
(3, 25, 1),
(10, 29, 1),
(13, 23, 3),
(14, 21, 3),
(3, 30, 2),
(14, 32, 1),
(2, 34, 2),
(11, 37, 5),
(5, 9, 4),
(7, 35, 1),
(6, 23, 4),
(7, 30, 3),
(10, 25, 2),
(5, 32, 2),
(12, 25, 4),
(15, 10, 4),
(14, 19, 4),
(5, 4, 4),
(6, 34, 5),
(8, 7, 1),
(2, 2, 1),
(13, 3, 3),
(1, 32, 1),
(12, 26, 4),
(8, 30, 2),
(3, 39, 3),
(7, 32, 4),
(9, 21, 1),
(4, 40, 4),
(12, 11, 3),
(15, 8, 3),
(6, 20, 2),
(10, 1, 3),
(8, 19, 4),
(1, 1, 3),
(14, 29, 4),
(10, 23, 3),
(9, 14, 5),
(14, 8, 2),
(13, 11, 2),
(4, 10, 3),
(4, 6, 3),
(9, 18, 5),
(15, 25, 5),
(8, 39, 1),
(6, 34, 3),
(7, 2, 1),
(8, 34, 4),
(7, 39, 5),
(6, 36, 5),
(1, 18, 5),
(3, 23, 3),
(6, 22, 4),
(2, 18, 2),
(9, 40, 4),
(14, 23, 4),
(6, 17, 2),
(3, 7, 1),
(12, 27, 2),
(14, 27, 2),
(15, 34, 2),
(3, 26, 2),
(12, 25, 5),
(10, 29, 5),
(12, 13, 4),
(1, 20, 5),
(13, 4, 2),
(15, 29, 2),
(1, 7, 2),
(1, 32, 1),
(5, 25, 3),
(15, 30, 2),
(1, 8, 4),
(7, 26, 1),
(15, 24, 2),
(2, 25, 1),
(8, 25, 2),
(1, 3, 4),
(13, 6, 1),
(11, 36, 1),
(3, 10, 2),
(7, 4, 4),
(4, 1, 4),
(11, 21, 4),
(4, 17, 2),
(3, 17, 5),
(2, 22, 3),
(3, 28, 5),
(7, 31, 4),
(14, 18, 4),
(2, 28, 5),
(6, 7, 3),
(6, 38, 2),
(11, 31, 3),
(1, 32, 4),
(15, 31, 4),
(6, 14, 2),
(15, 16, 5),
(7, 21, 4),
(4, 28, 4),
(12, 17, 4),
(14, 16, 2),
(2, 21, 2),
(12, 18, 1),
(9, 16, 5),
(12, 34, 1),
(9, 3, 5),
(4, 38, 2),
(3, 36, 2),
(4, 21, 4),
(1, 35, 4),
(6, 24, 1),
(4, 2, 5),
(2, 18, 1),
(9, 9, 5),
(7, 12, 1),
(8, 16, 3),
(1, 10, 1),
(4, 24, 1),
(12, 2, 1),
(12, 33, 2),
(1, 28, 2),
(9, 14, 4),
(5, 23, 3),
(3, 29, 5),
(12, 9, 2),
(14, 29, 5),
(9, 3, 3),
(12, 35, 2),
(15, 7, 1),
(15, 31, 3),
(8, 31, 5),
(5, 6, 5),
(8, 13, 1),
(5, 1, 5),
(12, 37, 2),
(12, 32, 3),
(12, 32, 3),
(7, 21, 2),
(1, 40, 4),
(7, 38, 5),
(12, 7, 4),
(7, 34, 3),
(14, 26, 1),
(13, 17, 2),
(10, 37, 2),
(2, 35, 1),
(14, 19, 1),
(5, 37, 2),
(3, 31, 1),
(10, 30, 2),
(10, 19, 5),
(4, 20, 3),
(2, 23, 2),
(4, 23, 2),
(4, 20, 4),
(4, 11, 5),
(5, 36, 5),
(12, 27, 3),
(5, 35, 4),
(4, 10, 5),
(13, 13, 4),
(5, 37, 2),
(2, 18, 3),
(2, 2, 4),
(5, 40, 4),
(3, 8, 4),
(6, 26, 3),
(1, 35, 2),
(12, 25, 2),
(8, 14, 3),
(8, 5, 1),
(11, 33, 4),
(9, 20, 2),
(10, 12, 5),
(3, 25, 2),
(4, 36, 2),
(3, 23, 1),
(12, 36, 4),
(3, 29, 4),
(11, 22, 4),
(15, 21, 4),
(5, 22, 5),
(11, 32, 1),
(15, 14, 2),
(9, 20, 3),
(9, 35, 5),
(13, 40, 3),
(15, 2, 3),
(11, 6, 4),
(8, 9, 1),
(11, 13, 1),
(3, 19, 4),
(7, 2, 3),
(13, 37, 5),
(14, 4, 4),
(4, 16, 4),
(11, 20, 3),
(1, 21, 3),
(9, 2, 2),
(7, 39, 5),
(10, 11, 2),
(3, 21, 3),
(9, 24, 1),
(9, 9, 3),
(7, 23, 5),
(13, 23, 2),
(13, 13, 1),
(7, 6, 4),
(5, 15, 5),
(12, 24, 2),
(12, 30, 3),
(13, 2, 2),
(11, 23, 3),
(9, 10, 3),
(3, 30, 1),
(5, 29, 1),
(10, 17, 5),
(11, 19, 1),
(11, 1, 4),
(11, 16, 3),
(11, 13, 5),
(15, 3, 3),
(2, 16, 3),
(4, 37, 1),
(7, 19, 3),
(15, 10, 1),
(4, 14, 5),
(3, 34, 1),
(4, 19, 3),
(13, 34, 3),
(1, 2, 2),
(7, 6, 5),
(11, 15, 3),
(11, 29, 1),
(8, 6, 5),
(10, 4, 1),
(13, 19, 2),
(2, 18, 3),
(4, 28, 3),
(1, 34, 2),
(8, 18, 4),
(3, 37, 4),
(9, 35, 1),
(4, 8, 5),
(8, 15, 5),
(13, 14, 4),
(12, 34, 5),
(1, 35, 1),
(12, 31, 3),
(1, 19, 3),
(3, 30, 3),
(5, 40, 4),
(14, 35, 2),
(8, 4, 2),
(6, 18, 1),
(11, 26, 5),
(6, 21, 3),
(5, 14, 3),
(9, 9, 4),
(3, 35, 3),
(9, 1, 4),
(3, 11, 4),
(10, 28, 4),
(11, 11, 2),
(3, 32, 3),
(15, 4, 3),
(11, 8, 1),
(15, 19, 4),
(2, 5, 1),
(8, 9, 2),
(2, 30, 1),
(4, 3, 4),
(11, 30, 2),
(7, 21, 2),
(4, 31, 1),
(1, 33, 1),
(3, 27, 1),
(7, 13, 2),
(14, 5, 2),
(3, 37, 3),
(13, 40, 1),
(10, 28, 5),
(7, 22, 4),
(5, 18, 4),
(6, 36, 1),
(10, 37, 5),
(6, 16, 4),
(1, 18, 2),
(13, 37, 5),
(6, 7, 1),
(10, 17, 4),
(3, 26, 5),
(13, 2, 1),
(8, 5, 5),
(6, 37, 5),
(14, 32, 2),
(3, 9, 5),
(5, 29, 4),
(15, 37, 4),
(5, 33, 1),
(12, 10, 3),
(2, 32, 5),
(6, 13, 5),
(14, 24, 4),
(3, 5, 5),
(1, 2, 4),
(14, 16, 2),
(13, 22, 2),
(14, 13, 4),
(14, 40, 5),
(11, 25, 2),
(6, 8, 4),
(2, 6, 1),
(14, 40, 1),
(4, 13, 4),
(10, 5, 4),
(1, 22, 1),
(12, 8, 1),
(15, 29, 4),
(9, 29, 1),
(5, 37, 2),
(14, 12, 2),
(8, 9, 1),
(10, 12, 4),
(7, 19, 1),
(12, 19, 2),
(3, 23, 1),
(7, 17, 5),
(12, 4, 2),
(12, 1, 4),
(7, 29, 2),
(5, 37, 2),
(2, 7, 5),
(13, 15, 5),
(13, 33, 1),
(5, 13, 4),
(2, 35, 3),
(1, 8, 3),
(1, 15, 1),
(15, 16, 3),
(1, 37, 5),
(1, 39, 2),
(1, 21, 5),
(7, 11, 4),
(1, 13, 4),
(8, 24, 5),
(9, 28, 4),
(9, 33, 3),
(11, 9, 4),
(2, 26, 1),
(14, 7, 1),
(11, 27, 1),
(4, 30, 4),
(12, 31, 2),
(5, 20, 4),
(6, 4, 5),
(12, 15, 2),
(13, 10, 1),
(8, 39, 3),
(8, 12, 1),
(3, 10, 3),
(3, 11, 1),
(7, 23, 1),
(4, 26, 1),
(13, 9, 4),
(6, 10, 2),
(4, 18, 3),
(4, 11, 3),
(8, 13, 5),
(3, 5, 3),
(13, 37, 4),
(3, 7, 3),
(9, 35, 5),
(12, 10, 4),
(15, 19, 3),
(10, 36, 3),
(12, 18, 1),
(14, 18, 2),
(8, 36, 5),
(10, 17, 2),
(10, 19, 1),
(9, 21, 5),
(2, 19, 2),
(12, 9, 2),
(6, 33, 3),
(1, 3, 2),
(15, 40, 3),
(5, 9, 4),
(9, 12, 1),
(1, 31, 5),
(11, 3, 4),
(6, 26, 3),
(11, 39, 3),
(13, 3, 4),
(2, 5, 5),
(8, 17, 2),
(3, 1, 3),
(13, 16, 5),
(5, 20, 5),
(12, 1, 2),
(14, 7, 1),
(1, 29, 1),
(8, 40, 4),
(10, 8, 3),
(1, 28, 5),
(4, 37, 2),
(7, 9, 5),
(13, 15, 2),
(7, 6, 5),
(13, 5, 3),
(9, 18, 4),
(14, 20, 3),
(7, 4, 1),
(11, 7, 4),
(11, 14, 1),
(11, 5, 3),
(4, 33, 1),
(3, 25, 3),
(11, 32, 4),
(1, 31, 4),
(13, 17, 2),
(6, 14, 1),
(15, 11, 1),
(15, 39, 1),
(7, 10, 4),
(7, 34, 4),
(1, 24, 5),
(8, 15, 2),
(8, 28, 3),
(2, 21, 1),
(5, 34, 1),
(3, 22, 5),
(9, 18, 5),
(3, 25, 3),
(1, 14, 2),
(4, 16, 5),
(7, 24, 3),
(13, 18, 5),
(12, 22, 2),
(14, 30, 4),
(7, 18, 5),
(8, 30, 2),
(7, 5, 2),
(15, 37, 5),
(4, 12, 3),
(13, 21, 1),
(13, 40, 3),
(7, 21, 2),
(4, 9, 5),
(12, 21, 5),
(6, 37, 2),
(12, 14, 2),
(4, 12, 4),
(11, 23, 1),
(3, 12, 1),
(10, 19, 2),
(15, 4, 3),
(10, 32, 4),
(13, 21, 3),
(14, 17, 4),
(5, 11, 3),
(3, 32, 5),
(9, 29, 4),
(15, 29, 4),
(10, 18, 3),
(14, 16, 2),
(6, 3, 2),
(10, 40, 3),
(9, 8, 2),
(1, 17, 3),
(11, 40, 3),
(12, 11, 5),
(8, 16, 1),
(9, 23, 2),
(6, 16, 1),
(12, 10, 2),
(5, 20, 1),
(7, 37, 3),
(8, 29, 3),
(3, 40, 4),
(1, 40, 4),
(14, 17, 4),
(9, 20, 4),
(3, 3, 4),
(2, 33, 1),
(12, 28, 1),
(1, 37, 3),
(3, 13, 4),
(4, 28, 4),
(11, 15, 5),
(10, 32, 3),
(8, 21, 5),
(6, 18, 1),
(12, 11, 3),
(14, 27, 5),
(15, 33, 2);

-- --------------------------------------------------------

--
-- Struttura della tabella `service`
--

DROP TABLE IF EXISTS `service`;
CREATE TABLE IF NOT EXISTS `service` (
  `id_servizio` int(11) DEFAULT NULL,
  `descrizione` text
) ENGINE=MyISAM DEFAULT CHARSET=utf8;

--
-- Dump dei dati per la tabella `service`
--

INSERT INTO `service` (`id_servizio`, `descrizione`) VALUES
(1, 'metus arcu adipiscing molestie hendrerit at vulputate vitae nisl aenean lectus pellentesque eget nunc donec'),
(2, 'viverra eget congue eget semper rutrum nulla nunc purus phasellus'),
(3, 'consequat metus sapien ut nunc vestibulum ante ipsum primis in faucibus orci luctus et ultrices'),
(4, 'augue vel accumsan tellus nisi eu orci mauris lacinia sapien quis'),
(5, 'integer aliquet massa id lobortis convallis tortor risus dapibus augue vel'),
(6, 'nonummy integer non velit donec diam neque vestibulum eget vulputate ut ultrices vel augue vestibulum ante'),
(7, 'sapien arcu sed augue aliquam erat volutpat in congue etiam justo etiam pretium iaculis justo in'),
(8, 'nisl duis ac nibh fusce lacus purus aliquet at feugiat'),
(9, 'cursus id turpis integer aliquet massa id lobortis convallis tortor risus dapibus augue vel accumsan tellus nisi'),
(10, 'posuere cubilia curae donec pharetra magna vestibulum aliquet ultrices erat tortor sollicitudin mi sit amet lobortis sapien sapien non'),
(11, 'orci luctus et ultrices posuere cubilia curae donec pharetra magna vestibulum aliquet'),
(12, 'dui vel nisl duis ac nibh fusce lacus purus aliquet at feugiat non pretium quis lectus suspendisse potenti'),
(13, 'aliquam augue quam sollicitudin vitae consectetuer eget rutrum at lorem integer tincidunt ante'),
(14, 'ut nunc vestibulum ante ipsum primis in faucibus orci luctus et'),
(15, 'adipiscing lorem vitae mattis nibh ligula nec sem duis aliquam convallis nunc proin at turpis a pede posuere nonummy'),
(16, 'ut nunc vestibulum ante ipsum primis in faucibus orci luctus et ultrices posuere cubilia curae mauris viverra diam vitae'),
(17, 'primis in faucibus orci luctus et ultrices posuere cubilia curae donec pharetra magna vestibulum aliquet ultrices erat tortor'),
(18, 'accumsan tellus nisi eu orci mauris lacinia sapien quis libero nullam sit amet turpis elementum ligula vehicula'),
(19, 'molestie nibh in lectus pellentesque at nulla suspendisse potenti cras in purus eu magna'),
(20, 'ac nibh fusce lacus purus aliquet at feugiat non pretium quis lectus suspendisse'),
(21, 'enim leo rhoncus sed vestibulum sit amet cursus id turpis integer aliquet massa id'),
(22, 'sodales scelerisque mauris sit amet eros suspendisse accumsan tortor quis turpis sed ante vivamus tortor duis mattis egestas'),
(23, 'vulputate nonummy maecenas tincidunt lacus at velit vivamus vel nulla eget eros elementum pellentesque quisque porta volutpat'),
(24, 'etiam pretium iaculis justo in hac habitasse platea dictumst etiam faucibus cursus urna ut tellus nulla ut erat id mauris'),
(25, 'hendrerit at vulputate vitae nisl aenean lectus pellentesque eget nunc donec quis orci eget orci'),
(26, 'nibh quisque id justo sit amet sapien dignissim vestibulum vestibulum ante ipsum primis in faucibus orci luctus et'),
(27, 'turpis elementum ligula vehicula consequat morbi a ipsum integer a nibh in quis justo maecenas rhoncus aliquam'),
(28, 'maecenas leo odio condimentum id luctus nec molestie sed justo pellentesque viverra pede ac diam cras pellentesque'),
(29, 'risus dapibus augue vel accumsan tellus nisi eu orci mauris lacinia sapien quis libero'),
(30, 'proin risus praesent lectus vestibulum quam sapien varius ut blandit non interdum'),
(31, 'tincidunt nulla mollis molestie lorem quisque ut erat curabitur gravida nisi at'),
(32, 'sem duis aliquam convallis nunc proin at turpis a pede posuere nonummy'),
(33, 'pretium nisl ut volutpat sapien arcu sed augue aliquam erat'),
(34, 'sit amet sapien dignissim vestibulum vestibulum ante ipsum primis in faucibus orci luctus et ultrices'),
(35, 'massa volutpat convallis morbi odio odio elementum eu interdum eu tincidunt in leo maecenas pulvinar'),
(36, 'ut dolor morbi vel lectus in quam fringilla rhoncus mauris'),
(37, 'posuere cubilia curae donec pharetra magna vestibulum aliquet ultrices erat tortor'),
(38, 'ultrices posuere cubilia curae donec pharetra magna vestibulum aliquet ultrices erat tortor sollicitudin'),
(39, 'in est risus auctor sed tristique in tempus sit amet sem fusce consequat'),
(40, 'ultrices enim lorem ipsum dolor sit amet consectetuer adipiscing elit proin interdum mauris non ligula pellentesque ultrices');

-- --------------------------------------------------------

--
-- Struttura della tabella `service40`
--

DROP TABLE IF EXISTS `service40`;
CREATE TABLE IF NOT EXISTS `service40` (
  `id_servizio` int(11) DEFAULT NULL,
  `id_categoria` int(11) DEFAULT NULL,
  `descrizione` text
) ENGINE=MyISAM DEFAULT CHARSET=utf8;

--
-- Dump dei dati per la tabella `service40`
--

INSERT INTO `service40` (`id_servizio`, `id_categoria`, `descrizione`) VALUES
(1, 4, 'maecenas rhoncus aliquam lacus morbi quis tortor id nulla ultrices aliquet maecenas leo odio condimentum id luctus nec molestie'),
(2, 3, 'maecenas leo odio condimentum id luctus nec molestie sed justo pellentesque viverra pede ac diam'),
(3, 9, 'eros suspendisse accumsan tortor quis turpis sed ante vivamus tortor duis mattis egestas metus aenean fermentum donec'),
(4, 1, 'curae duis faucibus accumsan odio curabitur convallis duis consequat dui nec nisi volutpat eleifend donec ut'),
(5, 1, 'eleifend quam a odio in hac habitasse platea dictumst maecenas ut massa quis augue luctus tincidunt nulla mollis molestie lorem'),
(6, 8, 'luctus rutrum nulla tellus in sagittis dui vel nisl duis ac nibh'),
(7, 6, 'eget vulputate ut ultrices vel augue vestibulum ante ipsum primis in faucibus orci luctus et ultrices posuere cubilia curae'),
(8, 8, 'tellus nisi eu orci mauris lacinia sapien quis libero nullam sit amet turpis elementum ligula vehicula consequat morbi a ipsum'),
(9, 2, 'mauris vulputate elementum nullam varius nulla facilisi cras non velit nec nisi vulputate nonummy maecenas tincidunt'),
(10, 5, 'nec molestie sed justo pellentesque viverra pede ac diam cras pellentesque volutpat dui'),
(11, 10, 'etiam justo etiam pretium iaculis justo in hac habitasse platea dictumst etiam faucibus cursus urna ut tellus nulla ut'),
(12, 3, 'justo morbi ut odio cras mi pede malesuada in imperdiet et commodo vulputate justo'),
(13, 7, 'dolor sit amet consectetuer adipiscing elit proin risus praesent lectus vestibulum quam sapien varius ut'),
(14, 3, 'vulputate nonummy maecenas tincidunt lacus at velit vivamus vel nulla'),
(15, 6, 'molestie hendrerit at vulputate vitae nisl aenean lectus pellentesque eget nunc'),
(16, 1, 'donec ut mauris eget massa tempor convallis nulla neque libero convallis eget eleifend luctus ultricies eu nibh'),
(17, 9, 'mauris enim leo rhoncus sed vestibulum sit amet cursus id turpis integer aliquet'),
(18, 2, 'elementum in hac habitasse platea dictumst morbi vestibulum velit id pretium iaculis diam erat fermentum justo'),
(19, 8, 'in faucibus orci luctus et ultrices posuere cubilia curae donec pharetra magna vestibulum aliquet ultrices erat'),
(20, 5, 'magna bibendum imperdiet nullam orci pede venenatis non sodales sed tincidunt eu felis fusce posuere felis sed lacus'),
(21, 3, 'duis bibendum felis sed interdum venenatis turpis enim blandit mi in porttitor pede justo eu massa donec dapibus duis'),
(22, 3, 'hac habitasse platea dictumst aliquam augue quam sollicitudin vitae consectetuer eget rutrum at'),
(23, 5, 'phasellus in felis donec semper sapien a libero nam dui proin leo odio'),
(24, 8, 'odio elementum eu interdum eu tincidunt in leo maecenas pulvinar lobortis est phasellus sit amet erat nulla tempus vivamus in'),
(25, 5, 'vitae quam suspendisse potenti nullam porttitor lacus at turpis donec posuere metus vitae ipsum aliquam non mauris morbi non'),
(26, 2, 'tempor convallis nulla neque libero convallis eget eleifend luctus ultricies eu nibh quisque id'),
(27, 6, 'volutpat sapien arcu sed augue aliquam erat volutpat in congue etiam justo etiam pretium'),
(28, 10, 'enim lorem ipsum dolor sit amet consectetuer adipiscing elit proin interdum mauris non ligula pellentesque ultrices phasellus'),
(29, 10, 'suspendisse potenti cras in purus eu magna vulputate luctus cum sociis natoque penatibus et magnis dis parturient montes nascetur ridiculus'),
(30, 6, 'dis parturient montes nascetur ridiculus mus vivamus vestibulum sagittis sapien cum sociis natoque penatibus et magnis dis parturient montes nascetur'),
(31, 4, 'duis bibendum felis sed interdum venenatis turpis enim blandit mi'),
(32, 6, 'id justo sit amet sapien dignissim vestibulum vestibulum ante ipsum primis in faucibus orci luctus et'),
(33, 3, 'vestibulum sit amet cursus id turpis integer aliquet massa id lobortis convallis tortor risus dapibus augue vel accumsan tellus'),
(34, 8, 'vestibulum velit id pretium iaculis diam erat fermentum justo nec condimentum'),
(35, 4, 'dapibus duis at velit eu est congue elementum in hac habitasse platea dictumst morbi vestibulum velit'),
(36, 4, 'ultrices aliquet maecenas leo odio condimentum id luctus nec molestie sed justo pellentesque viverra pede ac diam cras'),
(37, 10, 'scelerisque quam turpis adipiscing lorem vitae mattis nibh ligula nec sem duis aliquam convallis nunc'),
(38, 8, 'eget congue eget semper rutrum nulla nunc purus phasellus in felis'),
(39, 10, 'tincidunt eu felis fusce posuere felis sed lacus morbi sem mauris laoreet ut'),
(40, 10, 'elit ac nulla sed vel enim sit amet nunc viverra dapibus nulla suscipit ligula in lacus curabitur at');

-- --------------------------------------------------------

--
-- Struttura della tabella `user`
--

DROP TABLE IF EXISTS `user`;
CREATE TABLE IF NOT EXISTS `user` (
  `id_utente` int(11) DEFAULT NULL,
  `nome` varchar(50) DEFAULT NULL
) ENGINE=MyISAM DEFAULT CHARSET=utf8;

--
-- Dump dei dati per la tabella `user`
--

INSERT INTO `user` (`id_utente`, `nome`) VALUES
(1, 'Alyda Ewbanche'),
(2, 'Olivia Hillyatt'),
(3, 'Thurstan Barbara'),
(4, 'Trueman Elham'),
(5, 'Evyn Sullly'),
(6, 'Daisie Witherop'),
(7, 'Guinna Pyott'),
(8, 'Briant Moehle'),
(9, 'Aretha Shelford'),
(10, 'Corrie Hambelton'),
(11, 'Ford Sowray'),
(12, 'Marmaduke McCullouch'),
(13, 'Ferdie Gibling'),
(14, 'Arlie Cloney'),
(15, 'Linea Bubbings'),
(16, 'Marco Rossi');

-- --------------------------------------------------------

--
-- Struttura della tabella `user_category`
--

DROP TABLE IF EXISTS `user_category`;
CREATE TABLE IF NOT EXISTS `user_category` (
  `id_utente` int(11) DEFAULT NULL,
  `id_categoria` int(11) DEFAULT NULL
) ENGINE=MyISAM DEFAULT CHARSET=utf8;

--
-- Dump dei dati per la tabella `user_category`
--

INSERT INTO `user_category` (`id_utente`, `id_categoria`) VALUES
(13, 7),
(7, 1),
(8, 8),
(14, 3),
(9, 7),
(3, 7),
(10, 10),
(11, 10),
(12, 7),
(8, 6),
(7, 7),
(15, 8),
(7, 5),
(8, 3),
(4, 8),
(5, 7),
(6, 4),
(2, 10),
(3, 5),
(1, 3),
(16, 1),
(16, 3);
COMMIT;

/*!40101 SET CHARACTER_SET_CLIENT=@OLD_CHARACTER_SET_CLIENT */;
/*!40101 SET CHARACTER_SET_RESULTS=@OLD_CHARACTER_SET_RESULTS */;
/*!40101 SET COLLATION_CONNECTION=@OLD_COLLATION_CONNECTION */;
